text,category
"Sök ledig lägenhet i kommunen","boende"
"Information om hur du söker bostad i Helsingborg","boende"
"Regler för andrahandsuthyrning av lägenhet","boende"
"Så fungerar bostadskön för kommunala bostäder","boende"
"Ansök om bostadsbidrag eller hyresstöd","boende"
"Riktlinjer för trygghetsboende","boende"
"Flytta till eller inom Helsingborg – tips och råd","boende"
"Stöd vid hemlöshet och akutboende","boende"
"Bostadsanpassning för personer med funktionsnedsättning","boende"
"Råd vid störningar i boendet","boende"
"Tips för att hitta studentbostad i kommunen","boende"
"Hur du ansöker om bostadsanpassningsbidrag","boende"
"Information om hyreskontrakt och rättigheter","boende"
"Så fungerar bostadsförmedlingen i kommunen","boende"
"Råd för att minska energikostnader i hemmet","boende"
"Kommunal hyreslägenhet lediga","boende"
"Bostadskö väntetid information","boende"
"Hyra lägenhet i Helsingborg","boende"
"Var finns lediga lägenheter?","boende"
"Ansökan om bostad kommunen","boende"
"Bostadsbidrag hur mycket får jag?","boende"
"Hemlös var får jag hjälp?","boende"
"Akutboende kontakt","boende"
"Andrahandskontrakt regler","boende"
"Hyresgäst rättigheter information","boende"
"Störningar granne vad gör jag?","boende"
"Seniorboende ansökan kommun","boende"
"Äldreboende eller trygghetsboende?","boende"
"Ungdomsboende för unga vuxna","boende"
"Studentlägenhet var söker jag?","boende"
"Bostadsanpassning ansökan handikapp","boende"
"Hiss i trapphuset ansökan","boende"
"Ramper och tillgänglighet bostad","boende"
"Byte av lägenhet möjligt?","boende"
"Internkö för hyresgäster","boende"
"Hyresrätt eller bostadsrätt?","boende"
"Andrahandsuthyrning tillstånd","boende"
"Kan jag hyra ut min lägenhet?","boende"
"Hyra ut rum i lägenhet regler","boende"
"Bostadskö poäng hur räknas?","boende"
"Ansök om bygglov för att bygga garage","bygglov"
"Bygglov för uterum, altan eller staket","bygglov"
"Ritningar och kontrollplan för bygglov","bygglov"
"Vad kostar ett bygglov i Helsingborg?","bygglov"
"Bygglov för attefallshus och friggebod","bygglov"
"Tidsplan för handläggning av bygglov","bygglov"
"Bygglovsbefriade åtgärder och undantag","bygglov"
"Så fungerar startbesked och slutbesked","bygglov"
"Rivningslov och marklov i kommunen","bygglov"
"Kontakta stadsbyggnadsförvaltningen för bygglovsfrågor","bygglov"
"Bygglov för att installera solpaneler","bygglov"
"Regler för byggnation av pool och altan","bygglov"
"Hur du ansöker om bygglov digitalt","bygglov"
"Bygglov för att bygga garage och förråd","bygglov"
"Information om bygglovsprocessen och tidsramar","bygglov"
"Så överklagar du ett avslaget bygglov","bygglov"
"Bygglov för att bygga en ny carport","bygglov"
"Information om bygglovsavgifter och kostnader","bygglov"
"Nybyggnation villa bygglov","bygglov"
"Tillbyggnad på huset bygglov","bygglov"
"Rivning av byggnader lov","bygglov"
"Marklov för schaktning","bygglov"
"Förhandsbesked bygglov möjlighet","bygglov"
"Bygglov staket höjd regler","bygglov"
"Plank mellan tomter lov?","bygglov"
"Fasadändring bygglov krav","bygglov"
"Balkong bygglov behövs?","bygglov"
"Takkupa bygglov regler","bygglov"
"Inglasad balkong lov","bygglov"
"Garage på tomten lov","bygglov"
"Friggebod storlek utan lov","bygglov"
"Attefall tillbyggnad regler","bygglov"
"Gäststuga bygglov eller ej?","bygglov"
"Skärmtak bygglov krävs?","bygglov"
"Mur på tomten bygglov","bygglov"
"Pool nedgrävd bygglov","bygglov"
"Solceller på tak lov","bygglov"
"Skylt på fastighet bygglov","bygglov"
"Skärmtak altan bygglov","bygglov"
"Hitta stadskarta och karttjänster","kartor"
"Beställ kartunderlag för bygglov","kartor"
"Se detaljplaner och fastighetsgränser i kartan","kartor"
"Ladda ner ortofoto och kartdata","kartor"
"Karttjänst för skolor och förskolor","kartor"
"Interaktiv karta över cykelvägar","kartor"
"Så använder du kommunens GIS-tjänst","kartor"
"Karta över kommunala fastigheter","kartor"
"Kartdata för planerings- och miljöarbete","kartor"
"Felsökning i digitala karttjänster","kartor"
"Interaktiva kartor för naturreservat","kartor"
"Så hittar du fastighetsgränser med GIS","kartor"
"Beställning av kartdata för byggprojekt","kartor"
"Karta över stadens cykelvägar och gångstråk","kartor"
"Digitala karttjänster för planering och miljö","kartor"
"Digitala kartor för stadsplanering","kartor"
"Så använder du kommunens GIS-verktyg","kartor"
"Beställning av ortofoton och höjddata","kartor"
"Karta över stadens kollektivtrafik","kartor"
"Interaktiva kartor för skolor och förskolor","kartor"
"Karta över stadens naturreservat och parker","kartor"
"Så hittar du skolor och förskolor på kartan","kartor"
"Beställning av fastighetskartor och gränser","kartor"
"Interaktiva kartor för stadens utveckling","kartor"
"Digitala kartor för miljö- och klimatdata","kartor"
"GIS-tjänster för att planera byggprojekt","kartor"
"Så använder du kartdata för stadsplanering","kartor"
"Beställning av höjddata och ortofoton","kartor"
"Karta över stadens cykelvägar och gångstråk","kartor"
"Fastighetskarta var hittar jag?","kartor"
"Tomtgränser på karta visa","kartor"
"Karta med detaljplaner","kartor"
"GIS-data ladda ner","kartor"
"Flygfoto över kommunen","kartor"
"Karta parker och lekplatser","kartor"
"Busslinje karta kommunen","kartor"
"Kollektivtrafikkarta Helsingborg","kartor"
"Karta förskolor och skolor","kartor"
"Var ligger skolan karta","kartor"
"Information om detaljplaner och planprocess","stadsplanering"
"Så arbetar kommunen med översiktsplanering","stadsplanering"
"Pågående planprojekt i Helsingborg","stadsplanering"
"Samråd om ny stadsdel i östra delen","stadsplanering"
"Granskning av förslag till ny detaljplan","stadsplanering"
"Delta i samråd om stadens utveckling","stadsplanering"
"Riktlinjer för hållbar stadsutveckling","stadsplanering"
"Stadsbyggnadsvision 2035","stadsplanering"
"Digitalt planregister för Helsingborg","stadsplanering"
"Planbesked och planavgifter","stadsplanering"
"Planerade byggprojekt i stadens centrum","stadsplanering"
"Samrådsmöten för nya detaljplaner","stadsplanering"
"Information om stadens översiktsplan","stadsplanering"
"Så påverkar detaljplaner stadsutvecklingen","stadsplanering"
"Delta i samråd om framtida byggprojekt","stadsplanering"
"Framtidsvisioner för stadens utveckling","stadsplanering"
"Planeringsmöten för nya stadsdelar","stadsplanering"
"Information om stadens byggprojekt","stadsplanering"
"Så påverkar nya detaljplaner invånarna","stadsplanering"
"Delta i samråd om stadens framtid","stadsplanering"
"Samråd om nya byggprojekt i stadens centrum","stadsplanering"
"Information om stadens framtida byggplaner","stadsplanering"
"Så påverkar nya byggprojekt invånarna","stadsplanering"
"Planeringsmöten för hållbar stadsutveckling","stadsplanering"
"Delta i samråd om stadens framtida visioner","stadsplanering"
"Detaljplaner för nya bostadsområden i kommunen","stadsplanering"
"Information om detaljplaner och byggprojekt","stadsplanering"
"Samråd om detaljplaner för bostadsutveckling","stadsplanering"
"Ny detaljplan mitt område","stadsplanering"
"Vad är en detaljplan förklaring","stadsplanering"
"Samråd detaljplan när är det?","stadsplanering"
"Planprocess steg för steg","stadsplanering"
"Översiktsplan vad är det?","stadsplanering"
"Vision för staden framtid","stadsplanering"
"Nya bostäder planerade var?","stadsplanering"
"Stadsutveckling planer kommande","stadsplanering"
"Bebyggelse ny i området","stadsplanering"
"Tätortsplanering kommunen","stadsplanering"
"Planbesked ansökan kostnad","stadsplanering"
"Planprogram vad innebär det?","stadsplanering"
"Information om vägarbeten och trafikomläggningar","trafik"
"Karta över parkeringsplatser i centrum","trafik"
"Ansök om parkeringstillstånd","trafik"
"Så fungerar kollektivtrafiken i Helsingborg","trafik"
"Cykelvägar och cykelsäkerhet","trafik"
"Rapportera trasig gatubelysning eller skylt","trafik"
"Trafiksäkerhetsarbete i kommunen","trafik"
"Regler för elsparkcyklar i stadskärnan","trafik"
"Planering av nya gång- och cykelbanor","trafik"
"Upphandling av trafikentreprenörer","trafik"
"Trafikplanering för nya bostadsområden","trafik"
"Information om trafikregler och säkerhet","trafik"
"Så rapporterar du trasiga trafikljus","trafik"
"Planerade vägarbeten och omläggningar","trafik"
"Karta över stadens parkeringsplatser","trafik"
"Trafiksäkerhetsåtgärder vid skolor","trafik"
"Information om stadens cykelvägar","trafik"
"Så rapporterar du farliga vägförhållanden","trafik"
"Planerade förbättringar av kollektivtrafiken","trafik"
"Karta över stadens gång- och cykelvägar","trafik"
"Information om trafikflöden i stadens centrum","trafik"
"Så rapporterar du trasiga trafikskyltar","trafik"
"Planerade förbättringar av stadens vägnät","trafik"
"Karta över stadens parkeringshus och avgifter","trafik"
"Trafiksäkerhetsåtgärder vid skolor och förskolor","trafik"
"Trafikplanering för nya cykelvägar och gångbanor","trafik"
"Information om stadens trafikregler och säkerhet","trafik"
"Så rapporterar du trasiga trafikskyltar","trafik"
"Planerade förbättringar av stadens kollektivtrafik","trafik"
"Karta över stadens parkeringsplatser och avgifter","trafik"
"Parkeringsavgifter centrum vad kostar?","trafik"
"Var finns gratis parkering?","trafik"
"P-hus öppettider och priser","trafik"
"Handikapparkering tillstånd ansöka","trafik"
"Busslinje vilken tar jag?","trafik"
"Tidtabell buss nummer 1","trafik"
"Hållplats närmaste var är?","trafik"
"Cykelbana saknas på gatan","trafik"
"Farlig cykelväg rapportera","trafik"
"Vägarbete hur länge pågår?","trafik"
"Information om återvinningsstationer i kommunen","miljö"
"Så sorterar du ditt hushållsavfall korrekt","miljö"
"Hitta närmaste återvinningscentral","miljö"
"Regler för återvinning av elektronik","miljö"
"Tips för att minska avfall i hemmet","miljö"
"Återvinningsstationer är öppna alla dagar i veckan","miljö"
"Information om återvinning och avfallshantering","miljö"
"Hur du sorterar ditt avfall korrekt","miljö"
"Plaståtervinning och miljöpåverkan","miljö"
"Kommunens arbete för att minska avfall","miljö"
"Hur fungerar återvinningsstationer i kommunen?","miljö"
"Sopsortering guide kommunen","miljö"
"Var slänger jag elektronik?","miljö"
"Återvinningsstation öppettider","miljö"
"Grovsopor lämna var?","miljö"
"Farligt avfall hantera hur?","miljö"
"Batterier var slänger jag?","miljö"
"Gamla kläder lämna var?","miljö"
"Möbler återvinning","miljö"
"Metallskrot var lämnar?","miljö"
"Matavfall sopsortering","miljö"
"Komposter avfall hemma","miljö"
"Pappersåtervinning regler","miljö"
"Glasförpackningar sortering","miljö"
"Plastsortering olika typer","miljö"
"Bildäck var lämnar jag?","miljö"
"Målarfärg slängas var?","miljö"
"Lysrör och glödlampor återvinning","miljö"
"Kemikalier lämna var?","miljö"
"Trädgårdsavfall kompost","miljö"
"Bidrag för installation av solpaneler","hållbarhet"
"Stöd för energieffektivisering i hemmet","hållbarhet"
"Stöd för grön energi och solpaneler","hållbarhet"
"Bidrag för hållbara energilösningar","hållbarhet"
"Information om energieffektivisering i kommunen","hållbarhet"
"Ansök om stöd för hållbar energiutveckling","hållbarhet"
"Kommunens arbete med grön energiomställning","hållbarhet"
"Ansök om stöd för laddstationer till elbilar","hållbarhet"
"Information om bidrag för elbilar och laddinfrastruktur","hållbarhet"
"Kommunens arbete med elbilsomställning","hållbarhet"
"Stöd för hållbara transporter och elbilar","hållbarhet"
"Bidrag för laddstationer i bostadsområden","hållbarhet"
"Ansök om bidrag för elbilar och laddstationer","hållbarhet"
"Kommunens stöd för elbilsinfrastruktur","hållbarhet"
"Hållbara transporter: elbilar och laddstationer","hållbarhet"
"Information om elbilsbidrag och hållbarhet","hållbarhet"
"Stöd för grön transport och elfordon","hållbarhet"
"Bidrag för elbilar och hållbara transporter","hållbarhet"
"Kommunens hållbarhetsprogram för elfordon","hållbarhet"
"Ansök om stöd för grön energi och elbilar","hållbarhet"
"Information om hållbara transportlösningar","hållbarhet"
"Stöd för elbilar under hållbarhetsinitiativ","hållbarhet"
"Information om återvinning och avfallshantering","hållbarhet"
"Hur du sorterar ditt avfall korrekt","hållbarhet"
"Plaståtervinning och miljöpåverkan","hållbarhet"
"Kommunens arbete för att minska avfall","hållbarhet"
"Hur fungerar återvinningsstationer i kommunen?","hållbarhet"
"Klimatmål kommunen information","hållbarhet"
"Miljöarbete vad gör kommunen?","hållbarhet"
"Hållbar utveckling strategi","hållbarhet"
"Grön energi omställning","hållbarhet"
"Solceller bidrag installation","hållbarhet"
"Vindkraft i kommunen planer","hållbarhet"
"Energieffektivisering bostäder stöd","hållbarhet"
"Klimatanpassning åtgärder","hållbarhet"
"Elbil laddning var finns?","hållbarhet"
"Laddstolpe hemma installera","hållbarhet"
"Miljövänlig transport alternativ","hållbarhet"
"Hur ansöker jag om ekonomiskt stöd från kommunen?","stöd & hjälp"
"Information om bidrag och ekonomiskt bistånd","stöd & hjälp"
"Riktlinjer för ekonomiskt stöd till familjer","stöd & hjälp"
"Ansök om ekonomiskt stöd vid krissituationer","stöd & hjälp"
"Ekonomiskt bistånd för boendekostnader","stöd & hjälp"
"Försörjningsstöd ansökan hur?","stöd & hjälp"
"Pengar slut var får hjälp?","stöd & hjälp"
"Ekonomisk kris akut hjälp","stöd & hjälp"
"Kan inte betala räkningar hjälp","stöd & hjälp"
"Skuldrådgivning kommunen gratis","stöd & hjälp"
"Budgethjälp var vänder jag mig?","stöd & hjälp"
"Matavgång för barn ansöka","stöd & hjälp"
"Bidrag för glasögon barn","stöd & hjälp"
"Ekonomiskt stöd tandvård","stöd & hjälp"
"Akut kris behöver pengar","stöd & hjälp"
"Hemlöshet hotad var får hjälp?","stöd & hjälp"
"Kvinnojour kontakt akut","stöd & hjälp"
"Jourboende akut behov","stöd & hjälp"
"Krisstöd psykologiskt var?","stöd & hjälp"
"Familjerätt rådgivning gratis","stöd & hjälp"
"Rapportera trasiga gatlyktor i kommunen","infrastruktur"
"Anmäl trasiga trafikljus och skyltar","infrastruktur"
"Information om gatubelysning och underhåll","infrastruktur"
"Gatubelysning inte fungerar anmäl","infrastruktur"
"Gatlykta trasig rapportera","infrastruktur"
"Vatten och avlopp information","infrastruktur"
"VA-avgifter vad kostar?","infrastruktur"
"Ledningsbrott vatten anmäla","infrastruktur"
"Fiber utbyggnad min gata","infrastruktur"
"Bredband landsbygden tillgång","infrastruktur"
"Fjärrvärme anslutning möjlig?","infrastruktur"
"Gasledning frågor information","infrastruktur"
"Kommunalt vatten och avlopp","infrastruktur"
"Avloppsrening hur fungerar?","infrastruktur"
"Dagvatten problem tomten","infrastruktur"
"Skyfall översvämning förebygga","infrastruktur"
"Snöröjning gatan när kommer?","infrastruktur"
"Vinterväghållning ansvar kommun","infrastruktur"
"Sandning halkbekämpning när?","infrastruktur"
"Gatan trasig asfalt anmäl","infrastruktur"
"Grundskola i närområdet","utbildning"
"Skolskjuts regler och ansökan","utbildning"
"Gymnasieskolor vilka finns?","utbildning"
"Gymnasieval information elev","utbildning"
"Ansökan gymnasiet när?","utbildning"
"Komvux kurser utbud","utbildning"
"Vuxenutbildning anmälan","utbildning"
"SFI svenska för invandrare","utbildning"
"Yrkesvux program vilka?","utbildning"
"Studiehandledning på mitt språk","utbildning"
"Modersmålsundervisning barn","utbildning"
"Särskola vad är det?","utbildning"
"Val av skola hur funkar?","utbildning"
"Skolbyte möjligt mitt barn","utbildning"
"Kostnadsfri skola material","utbildning"
"Skolmat allergier behov","utbildning"
"Fritidshem öppettider kostnad","utbildning"
"Förskoleklass vad är det?","utbildning"
"Musikskola barn anmälan","utbildning"
"Kulturskola aktiviteter barn","utbildning"
"Starta eget företag kommunen","jobb & näringsliv"
"Företagsstöd rådgivning","jobb & näringsliv"
"Näringslivsklimat Helsingborg","jobb & näringsliv"
"Lediga lokaler företag hyra","jobb & näringsliv"
"Industrimark köpa arrende","jobb & näringsliv"
"Etablering företag hjälp","jobb & näringsliv"
"Affärsutveckling stöd företag","jobb & näringsliv"
"Innovation forskning samarbete","jobb & näringsliv"
"Företagsnätverk gå med","jobb & näringsliv"
"Tillväxt företag program","jobb & näringsliv"
"Lediga jobb i kommunen","jobb & näringsliv"
"Kommunen som arbetsgivare","jobb & näringsliv"
"Jobbmässa när är nästa?","jobb & näringsliv"
"Arbetsförmedling kontakt","jobb & näringsliv"
"Praktikplats sökes ung","jobb & näringsliv"
"Sommarjobb ungdom kommun","jobb & näringsliv"
"Feriepraktik ansökan","jobb & näringsliv"
"Arbetsmarknadsstatistik kommun","jobb & näringsliv"
"Arbetslöshet siffror","jobb & näringsliv"
"Näringsliv mötesplatser","jobb & näringsliv"
"Serveringstillstånd ansökan restaurang","företag"
"Alkoholtillstånd pub bar","företag"
"Utskänkningstillstånd öl vin","företag"
"Torghandel tillstånd ansöka","företag"
"Marknad plats boka","företag"
"Gatuförsäljning tillstånd","företag"
"Livsmedelsverksamhet tillstånd","företag"
"Cafétillstånd ansökan","företag"
"Restaurangtillstånd vad krävs?","företag"
"Miljötillstånd verksamhet ansöka","företag"
"Buller verksamhet tillstånd","företag"
"Industriverksamhet tillstånd","företag"
"Registrera företag hos kommun","företag"
"Tillsyn livsmedelskontroll","företag"
"Hälsoskydd verksamhet regler","företag"
"Tobakstillstånd försäljning","företag"
"Event på offentlig plats tillstånd","företag"
"Uteservering sommar tillstånd","företag"
"Marknadstånd tillstånd","företag"
"Koncert offentlig plats lov","företag"
"Evenemang kommunen vad händer?","fritid & evenemang"
"Festivaler konserter kalender","fritid & evenemang"
"Vad kan man göra helgen?","fritid & evenemang"
"Aktiviteter barn familj","fritid & evenemang"
"Kulturevenemang program","fritid & evenemang"
"Julmarknad när öppnar?","fritid & evenemang"
"Midsommarfirande var?","fritid & evenemang"
"Nyårsfyrverkeri plats tid","fritid & evenemang"
"Konsert gratis kommunen","fritid & evenemang"
"Arrangemang ansöka tillstånd","fritid & evenemang"
"Event offentlig plats lov","fritid & evenemang"
"Torgdag marknad schema","fritid & evenemang"
"Loppmarknad när var?","fritid & evenemang"
"Gatufest tillstånd ansöka","fritid & evenemang"
"Festival sommar program","fritid & evenemang"
"Aktivitetskalender kommun","fritid & evenemang"
"Familjedag park program","fritid & evenemang"
"Konsert park gratis","fritid & evenemang"
"Teater utomhus sommar","fritid & evenemang"
"Evenemangstips helgen","fritid & evenemang"
"Museum i Helsingborg","kultur"
"Konserthus program spelplan","kultur"
"Teaterföreställningar biljetter","kultur"
"Bibliotek öppettider huvudbiblioteket","kultur"
"Låna böcker bibliotek hur?","kultur"
"E-böcker lån bibliotek","kultur"
"Ljudböcker biblioteket gratis","kultur"
"Bokbussen schema min gata","kultur"
"Konstutställning aktuell","kultur"
"Galleri konsthall besök","kultur"
"Kulturhus aktiviteter program","kultur"
"Kulturskola barn anmälan","kultur"
"Dans musik barn kurser","kultur"
"Kulturbidrag ansöka förening","kultur"
"Konstprojekt offentlig plats","kultur"
"Kulturarv sevärt","kultur"
"Historiska byggnader besök","kultur"
"Samlingar museum vad finns?","kultur"
"Konstverkstad barn ungdom","kultur"
"Kulturprogram pensionärer","kultur"
"Simhall öppettider priser","idrott & motion"
"Gym kommunalt medlemskap","idrott & motion"
"Idrottsanläggningar boka","idrott & motion"
"Fotbollsplan hyra match","idrott & motion"
"Tennisbana bokning kostnad","idrott & motion"
"Ishall när öppnar vinter?","idrott & motion"
"Friluftsbad sommarbad öppettider","idrott & motion"
"Motionsspår belyst var?","idrott & motion"
"Löparbanor park var?","idrott & motion"
"Utegym gratis träna","idrott & motion"
"Skateboard park plats","idrott & motion"
"Parkour anläggning ungdom","idrott & motion"
"Idrottskurser barn anmäla","idrott & motion"
"Simskola barn schema","idrott & motion"
"Träning äldre seniorer","idrott & motion"
"Gymkort rabatt pensionär","idrott & motion"
"Aktivitetskort familj pris","idrott & motion"
"Bassäng längd simhall","idrott & motion"
"Bastu träningscenter finns?","idrott & motion"
"Sportlovsaktiviteter barn","idrott & motion"
"Vårdcentral närmaste min adress","vård & omsorg"
"1177 sjukvårdsrådgivning ring","vård & omsorg"
"Akutmottagning sjukhus adress","vård & omsorg"
"Jouröppen vårdcentral helg","vård & omsorg"
"Boka tid läkare hur?","vård & omsorg"
"Tandvård barn gratis","vård & omsorg"
"Folktandvården boka tid","vård & omsorg"
"Tandvård vuxna kostnad","vård & omsorg"
"Akut tandvård helg","vård & omsorg"
"Högkostnadsskydd tandvård","vård & omsorg"
"BVC barnhälsovård kontakt","vård & omsorg"
"Mödravård graviditet boka","vård & omsorg"
"Barnmorska kontakt tid","vård & omsorg"
"Psykiatri ungdom mottagning","vård & omsorg"
"Psykolog samtalsterapi vart?","vård & omsorg"
"Kurator behöver prata","vård & omsorg"
"Vaccination barn var när?","vård & omsorg"
"Vaccinationsprogram följas","vård & omsorg"
"Rehab fysioterapi var?","vård & omsorg"
"Distriktsköterska hembesök","vård & omsorg"
"Förskola ansökan plats","barn & ungdom"
"Kötid förskola hur lång?","barn & ungdom"
"Förskoleplats byte möjligt?","barn & ungdom"
"Öppen förskola besök gratis","barn & ungdom"
"Familjecentral aktiviteter","barn & ungdom"
"Föräldragrupper träffas","barn & ungdom"
"Fritidshem kostnad avgift","barn & ungdom"
"Skollov aktiviteter barn","barn & ungdom"
"Fritidsgård ungdom öppet","barn & ungdom"
"Ungdomsmottagning gratis besök","barn & ungdom"
"Barnaktiviteter helg gratis","barn & ungdom"
"Lekplats närmaste var?","barn & ungdom"
"Lekpark utomhus stad","barn & ungdom"
"Familjerådgivning hjälp","barn & ungdom"
"Barnbidrag ansöka Försäkringskassan","barn & ungdom"
"Föräldrapenning information","barn & ungdom"
"Vårdnadsbidrag hur ansöka?","barn & ungdom"
"Adoption information stöd","barn & ungdom"
"Familjehem kontakt frågor","barn & ungdom"
"Stöd förälder ensam","barn & ungdom"
"Hemtjänst äldre ansökan","äldreomsorg"
"Vad ingår i hemtjänst?","äldreomsorg"
"Äldreboende väntetid plats","äldreomsorg"
"Korttidsboende äldre tillfälligt","äldreomsorg"
"Avlastning anhöriga vård","äldreomsorg"
"Dagverksamhet demens plats","äldreomsorg"
"Demenssjukdom stöd anhöriga","äldreomsorg"
"Trygghetslarm beställa pris","äldreomsorg"
"Matdistribution äldre hemma","äldreomsorg"
"Maten på hjul beställa","äldreomsorg"
"Fixartjänst äldre hjälp","äldreomsorg"
"Hemsjukvård äldre ansöka","äldreomsorg"
"Sjuksköterska hembesök äldre","äldreomsorg"
"Anhörigstöd grupper träffas","äldreomsorg"
"Aktiviteter seniorer pensionärer","äldreomsorg"
"Pensionärsträff när var?","äldreomsorg"
"Seniorboende trygghetsboende skillnad","äldreomsorg"
"Äldreomsorg kostnad avgift","äldreomsorg"
"Biståndsbedömning äldre vad?","äldreomsorg"
"Äldreförvaltningen kontakta","äldreomsorg"
"LSS vad innebär lagen?","funktionsnedsättning"
"Personlig assistent ansöka","funktionsnedsättning"
"LSS-insatser vilka finns?","funktionsnedsättning"
"Ledsagning funktionsnedsättning","funktionsnedsättning"
"Daglig verksamhet LSS plats","funktionsnedsättning"
"Bostad särskild service LSS","funktionsnedsättning"
"Gruppboende LSS ansöka","funktionsnedsättning"
"Korttidsvistelse LSS avlastning","funktionsnedsättning"
"Kontaktperson LSS ansökan","funktionsnedsättning"
"Avlösarservice anhöriga LSS","funktionsnedsättning"
"Färdtjänst ansöka tillstånd","funktionsnedsättning"
"Färdtjänstkort beställa","funktionsnedsättning"
"Riksfärdtjänst fjärresor","funktionsnedsättning"
"Parkeringstillstånd handikapp ansöka","funktionsnedsättning"
"P-tillstånd rörelsehinder","funktionsnedsättning"
"Hjälpmedel funktionsnedsättning beställa","funktionsnedsättning"
"Rullstol lån landsting","funktionsnedsättning"
"Rollator var får jag?","funktionsnedsättning"
"Boendestöd vuxna funktionsnedsättning","funktionsnedsättning"
"Habilitering barn vuxna","funktionsnedsättning"
"Viktigt meddelande krisberedskap","kris & beredskap"
"Kris vad gör jag?","kris & beredskap"
"Skyddsrum var finns närmaste?","kris & beredskap"
"Räddningstjänst kontakt icke-akut","kris & beredskap"
"Brandskydd hemma tips","kris & beredskap"
"Brandvarnare obligatorisk krav","kris & beredskap"
"Släckare hemma köpa","kris & beredskap"
"Brandsläckare kontroll","kris & beredskap"
"Översvämning risk min bostad","kris & beredskap"
"Skyfall förberedelser vad?","kris & beredskap"
"Extremväder varning info","kris & beredskap"
"Storm beredskap åtgärder","kris & beredskap"
"Evakuering vart tar jag vägen?","kris & beredskap"
"Krishantering information kommun","kris & beredskap"
"Nödläge vad gör kommunen?","kris & beredskap"
"Säkerhet hemmet checklista","kris & beredskap"
"Första hjälpen kurs kommun","kris & beredskap"
"Hjärt-lungräddning var lära?","kris & beredskap"
"Kriskommunikation info kanal","kris & beredskap"
"Beredskap mat vatten lagra","kris & beredskap"
"Befolkningsstatistik kommun siffror","statistik & fakta"
"Hur många bor i kommunen?","statistik & fakta"
"Invånarantal Helsingborg","statistik & fakta"
"Befolkningstillväxt statistik","statistik & fakta"
"Åldersfördelning befolkning","statistik & fakta"
"Inflyttning utflyttning siffror","statistik & fakta"
"Kommunfakta översikt","statistik & fakta"
"Ekonomisk statistik kommun","statistik & fakta"
"Arbetslöshet siffror kommun","statistik & fakta"
"Bostadsmarknad statistik","statistik & fakta"
"Nybyggnation bostäder siffror","statistik & fakta"
"Budget kommun ekonomi","statistik & fakta"
"Årsredovisning kommun läsa","statistik & fakta"
"Skatteintäkter kommunen","statistik & fakta"
"Kommunens utgifter fördelning","statistik & fakta"
"Skolresultat statistik","statistik & fakta"
"Vård omsorg kostnader","statistik & fakta"
"Miljöstatistik utsläpp","statistik & fakta"
"Trafik statistik olyckor","statistik & fakta"
"Öppen data kommun ladda","statistik & fakta"
"E-tjänster kommunen logga in","e-tjänster"
"Mina sidor kommun BankID","e-tjänster"
"Digital ansökan bygglov","e-tjänster"
"E-tjänst försörjningsstöd ansöka","e-tjänster"
"Digitalt formulär ansökan","e-tjänster"
"BankID inloggning krävs","e-tjänster"
"Mobilt BankID använd","e-tjänster"
"Mina ärenden status se","e-tjänster"
"Digital brevlåda kommun meddelanden","e-tjänster"
"E-faktura kommun betala","e-tjänster"
"Digital signering dokument","e-tjänster"
"Felanmälan digital tjänst","e-tjänster"
"E-tjänst förskola ansöka","e-tjänster"
"Digital skolansökan gymnasiet","e-tjänster"
"E-tjänst parkeringstillstånd","e-tjänster"
"Digital bokningar anläggningar","e-tjänster"
"E-legitimation använda","e-tjänster"
"Freja eID fungerar det?","e-tjänster"
"Problem inloggning e-tjänst","e-tjänster"
"Teknisk support e-tjänster","e-tjänster"
"Ring kommunen telefon nummer","kontakt & service"
"Öppettider stadshuset besök","kontakt & service"
"Besöksadress kommunkontor","kontakt & service"
"E-post kommun skicka","kontakt & service"
"Kontakta förvaltning direkt","kontakt & service"
"Medborgarkontor öppet när?","kontakt & service"
"Kundtjänst kommun telefon","kontakt & service"
"Felanmälan kommun hur?","kontakt & service"
"Synpunkter lämna kommun","kontakt & service"
"Klagomål på tjänst hur?","kontakt & service"
"Kontaktuppgifter chef förvaltning","kontakt & service"
"Reception stadshuset kontakt","kontakt & service"
"Chatt kundsupport kommun","kontakt & service"
"Brev posta till kommun adress","kontakt & service"
"Hitta rätt kontakt kommun","kontakt & service"
"Återkoppling ärende när?","kontakt & service"
"Handläggningstid ärende hur lång?","kontakt & service"
"Försenat svar ärende vad gör?","kontakt & service"
"Myndighetsutövning information","kontakt & service"
"Påtryckning ärende möjligt?","kontakt & service"
"Lättläst information hemsida","tillgänglighet"
"Teckenspråk tolk boka","tillgänglighet"
"Översättning annat språk","tillgänglighet"
"Taltjänst hemsida lyssna","tillgänglighet"
"Webbläsare tillgänglighet","tillgänglighet"
"Anpassa text storlek hemsida","tillgänglighet"
"Kontrast ändra hemsida","tillgänglighet"
"Rullstolsramp kontor finns?","tillgänglighet"
"Hörslinga kommunhus var?","tillgänglighet"
"Tillgänglig entré rullstol","tillgänglighet"
"Hiss funktionsnedsättning","tillgänglighet"
"Anpassad toalett kontor","tillgänglighet"
"Ledarhund välkommen?","tillgänglighet"
"Syn funktionsnedsättning hjälp","tillgänglighet"
"Punktskrift dokument finns?","tillgänglighet"
"Tolk på mitt språk möte","tillgänglighet"
"Lätt svenska dokument","tillgänglighet"
"Bildstöd information finns?","tillgänglighet"
"Tillgänglighetsredogörelse webbplats","tillgänglighet"
"Anmäla bristande tillgänglighet","tillgänglighet"
"Kommunalskatt procent Helsingborg","ekonomi & skatter"
"Skattesats kommun vad är?","ekonomi & skatter"
"Deklaration kommunskatt","ekonomi & skatter"
"Hur mycket skatt betalar jag?","ekonomi & skatter"
"Taxor avgifter kommun lista","ekonomi & skatter"
"Vad kostar tjänsten avgift?","ekonomi & skatter"
"Faktura kommun betala hur?","ekonomi & skatter"
"Betalning förfallen vad händer?","ekonomi & skatter"
"Kommunfaktura betalningsvillkor","ekonomi & skatter"
"Budget kommun läsa var?","ekonomi & skatter"
"Skatteintäkter vad används till?","ekonomi & skatter"
"Kommunens ekonomi översikt","ekonomi & skatter"
"Avgift förskola vad kostar?","ekonomi & skatter"
"Maxtaxa förskola fritids","ekonomi & skatter"
"Avgift äldreomsorg kostnad","ekonomi & skatter"
"Avgift hemtjänst pris","ekonomi & skatter"
"Parkeringsavgift belopp","ekonomi & skatter"
"P-böter överklaga hur?","ekonomi & skatter"
"Avgift bygglov vad kostar?","ekonomi & skatter"
"Planavgift exploatering kostnad","ekonomi & skatter"
"Köpa mark tomt kommun","exploatering & mark"
"Sälja mark till kommun möjligt?","exploatering & mark"
"Tomter köpa lediga finns?","exploatering & mark"
"Tomtkö ansökan villa","exploatering & mark"
"Markanvisning ansöka byggare","exploatering & mark"
"Exploateringsavtal vad är?","exploatering & mark"
"Markpris kommun vad kostar?","exploatering & mark"
"Villatomt köpa pris","exploatering & mark"
"Industrimark köpa kommun","exploatering & mark"
"Arrende mark kommun hyra","exploatering & mark"
"Fastighetsbildning ansöka","exploatering & mark"
"Avstyckning tomt möjligt?","exploatering & mark"
"Sammanföra fastigheter kan jag?","exploatering & mark"
"Marktilldelning process hur?","exploatering & mark"
"Tomtköp avtal teckna","exploatering & mark"
"Gatukostnadsbidrag vad är?","exploatering & mark"
"Anläggningsavgift VA kostnad","exploatering & mark"
"Köpekontrakt mark mall","exploatering & mark"
"Markvärdering begära","exploatering & mark"
"Exploateringsekonomi kalkyl","exploatering & mark"
"Smart city Helsingborg","digitalisering"
"Digitalisering strategi kommun","digitalisering"
"IT-strategi framtid kommun","digitalisering"
"Digitala tjänster utveckling","digitalisering"
"E-förvaltning vad innebär?","digitalisering"
"Digital första strategi","digitalisering"
"Automation tjänster AI","digitalisering"
"5G utbyggnad när kommun?","digitalisering"
"Bredband fiber utbyggnad","digitalisering"
"Öppna data kommun API","digitalisering"
"Innovation digitalisering projekt","digitalisering"
"Digital inkludering åtgärder","digitalisering"
"Digitaliseringsstöd medborgare","digitalisering"
"IT-säkerhet kommun åtgärder","digitalisering"
"Cybersäkerhet skydd","digitalisering"
"GDPR personuppgifter skydd","digitalisering"
"Digital post kommun","digitalisering"
"Digitala möten medborgardialoger","digitalisering"
"E-demokrati påverka digitalt","digitalisering"
"Teknikstöd digital hjälp","digitalisering"
"Park skötsel underhåll","samhällsbyggnad"
"Grönområden växter plantering","samhällsbyggnad"
"Lekplats underhåll säkerhet","samhällsbyggnad"
"Lekutrustning trasig anmäl","samhällsbyggnad"
"Gatuunderhåll asfalt lagning","samhällsbyggnad"
"Vägar underhåll standard","samhällsbyggnad"
"Offentlig plats utveckling","samhällsbyggnad"
"Torg renovering planerat","samhällsbyggnad"
"Stadsmiljö förbättring projekt","samhällsbyggnad"
"Grönska fler träd plantera","samhällsbyggnad"
"Kommunal fastighet underhåll","samhällsbyggnad"
"Skolor renovering underhåll","samhällsbyggnad"
"Gång cykelvägar nya bygga","samhällsbyggnad"
"Infrastruktur förbättring planer","samhällsbyggnad"
"Samhällsplanering framtid","samhällsbyggnad"
"Tätortsutveckling pågående","samhällsbyggnad"
"Offentliga toaletter var finns?","samhällsbyggnad"
"Bänkar offentlig plats fler","samhällsbyggnad"
"Belysning parker säkerhet","samhällsbyggnad"
"Blomsterplanteringar stad vackrare","samhällsbyggnad"
"Besöka Helsingborg turistinfo","besökare & turism"
"Vad kan man göra i Helsingborg?","besökare & turism"
"Sevärdheter stad lista","besökare & turism"
"Turistinformation centrum var?","besökare & turism"
"Hotell boende rekommendation","besökare & turism"
"Vandrarhem billigt boende","besökare & turism"
"Restauranger centrum bra","besökare & turism"
"Shopping centrum köpcentrum","besökare & turism"
"Guidade turer stad boka","besökare & turism"
"Stadsvandringar historiska","besökare & turism"
"Kärnan tornet öppettider","besökare & turism"
"Slott besöka Helsingborg","besökare & turism"
"Hamnen promenad vacker","besökare & turism"
"Strandbad besökare sommar","besökare & turism"
"Badplatser sand strand","besökare & turism"
"Utflykt dagtur tips","besökare & turism"
"Aktiviteter familj besökare","besökare & turism"
"Uteliv kväll pub bar","besökare & turism"
"Musikfestival sommar besöka","besökare & turism"
"Event kalender turister","besökare & turism"
"Kommunfullmäktige möte nästa","politik & styrning"
"Politiska beslut läsa var?","politik & styrning"
"Protokoll kommunfullmäktige","politik & styrning"
"Kommunstyrelsen beslut aktuella","politik & styrning"
"Nämnder kommunen vilka finns?","politik & styrning"
"Politiska partier kommunen","politik & styrning"
"Val när är nästa?","politik & styrning"
"Rösta i kommunalval hur?","politik & styrning"
"Vallokal min rösta var?","politik & styrning"
"Politiker kontakta mail","politik & styrning"
"Kommunalråd vem är?","politik & styrning"
"Oppositionsråd kontakt","politik & styrning"
"Hur fungerar kommunen?","politik & styrning"
"Kommunal demokrati process","politik & styrning"
"Styrdokument kommun policy","politik & styrning"
"Mål vision kommun läsa","politik & styrning"
"Medborgarförslag lämna in","politik & styrning"
"Motion politiker lämna","politik & styrning"
"Påverka politik hur?","politik & styrning"
"Medborgardialog delta när?","politik & styrning"
"Parkeringsplatser i centrum var?","trafik"
"P-avgifter vad kostar parkering?","trafik"
"Parkeringshus närmaste","trafik"
"P-böter överklagande","trafik"
"Parkera gratis var kan jag?","trafik"
"Handikapparkering regler","trafik"
"Buss till centrum linje","trafik"
"Busstider linje 2","trafik"
"Närmaste hållplats buss","trafik"
"Kollektivtrafik resor","trafik"
"Cykelbana trasig anmäl","trafik"
"Cykelväg saknas rapportera","trafik"
"Cykel parkering stad","trafik"
"Cykelsäkerhet barn skola","trafik"
"Trafikljus trasiga rapportera","trafik"
"Gatan farlig korsning","trafik"
"Hastighetsbegränsning område","trafik"
"Trafikskylt saknas anmäl","trafik"
"Vägarbete pågår hur länge?","trafik"
"Vägen stängd omledning","trafik"
"Halkbekämpning snö is","trafik"
"Snöröjning när kommer den?","trafik"
"Vinterunderhåll gator","trafik"
"Elsparkcykel regler stad","trafik"
"Kommunalskatt hur mycket?","ekonomi & skatter"
"Skattesats kommun","ekonomi & skatter"
"Vad går min skatt till?","ekonomi & skatter"
"Skatt betalas när?","ekonomi & skatter"
"Deklarera skatt kommun","ekonomi & skatter"
"Avgift förskola max","ekonomi & skatter"
"Vad kostar förskolan?","ekonomi & skatter"
"Fritidsavgift barn","ekonomi & skatter"
"Maxtaxa förskola fritids","ekonomi & skatter"
"Hemtjänstavgift äldre","ekonomi & skatter"
"Äldreomsorg vad kostar?","ekonomi & skatter"
"Kommunfaktura betala","ekonomi & skatter"
"Betalning förfallen påminnelse","ekonomi & skatter"
"Faktura fel vad gör?","ekonomi & skatter"
"Budget kommun ekonomi","ekonomi & skatter"
"Taxor avgifter lista","ekonomi & skatter"
"Kommunens kostnader utgifter","ekonomi & skatter"
"Skatteintäkter vart går?","ekonomi & skatter"
"P-avgift centrum belopp","ekonomi & skatter"
"Parkeringsbot betala","ekonomi & skatter"
"Simhall pris entré","idrott & motion"
"Gym kommun träna","idrott & motion"
"Träna gratis utomhus","idrott & motion"
"Fotbollsplan boka tid","idrott & motion"
"Tennisbana reservation","idrott & motion"
"Ishall öppettider säsong","idrott & motion"
"Simskola barn sommar","idrott & motion"
"Badbiljett pris vuxen","idrott & motion"
"Bassäng öppettider idag","idrott & motion"
"Friluftsbad sommar öppet","idrott & motion"
"Löparspår belyst park","idrott & motion"
"Utegym gratis träna","idrott & motion"
"Fitness utomhus utrustning","idrott & motion"
"Skateboard park adress","idrott & motion"
"Parkour område ungdom","idrott & motion"
"Idrottskurser barn anmälan","idrott & motion"
"Gymkort månadsavgift","idrott & motion"
"Träningspass schema simhall","idrott & motion"
"Vattengymnastik äldre","idrott & motion"
"Motion pensionärer aktiviteter","idrott & motion"
"Söka bidrag familj","stöd & hjälp"
"Ekonomiskt bistånd söka","stöd & hjälp"
"Försörjningsstöd ansökan blankett","stöd & hjälp"
"Pengar kris akut","stöd & hjälp"
"Mat inte råd barn","stöd & hjälp"
"Kan inte betala hyra hjälp","stöd & hjälp"
"Skulder hjälp budget","stöd & hjälp"
"Skuldrådgivning gratis","stöd & hjälp"
"Budgetrådgivning ekonomi","stöd & hjälp"
"Familjerådgivning samtal","stöd & hjälp"
"Kris psykologiskt stöd","stöd & hjälp"
"Kvinnojour skydd","stöd & hjälp"
"Akutboende hemlös","stöd & hjälp"
"Hemlöshet var får hjälp?","stöd & hjälp"
"Trots arbete pengar slut","stöd & hjälp"
"Bidrag glasögon barn","stöd & hjälp"
"Bidrag tandvård barn","stöd & hjälp"
"Matavgång barn skola ansöka","stöd & hjälp"
"Ekonomisk hjälp akut situation","stöd & hjälp"
"Kriscentrum kontakt","stöd & hjälp"
"Kommunikation medborgare","kontakt & service"
"Ring kommunen nummer","kontakt & service"
"Telefon kundtjänst kommun","kontakt & service"
"Kontaktcenter öppettider","kontakt & service"
"E-post kommun skicka","kontakt & service"
"Mejl förvaltning adress","kontakt & service"
"Besök stadshuset tider","kontakt & service"
"Öppettider medborgarkontor","kontakt & service"
"Besöksadress kommun","kontakt & service"
"Felanmälan gata ljus","kontakt & service"
"Synpunkter tjänst lämna","kontakt & service"
"Klagomål hantering","kontakt & service"
"Återkoppling ärende","kontakt & service"
"Svar ärende hur lång tid?","kontakt & service"
"Kontakta chef förvaltning","kontakt & service"
"Hitta rätt person kommun","kontakt & service"
"Chatt kundsupport","kontakt & service"
"Brev skicka kommun adress","kontakt & service"
"Myndighet kontakt kommun","kontakt & service"
"Handläggare namn kontakt","kontakt & service"
"Barn aktiviteter helg","barn & ungdom"
"Förskola ansökan kö","barn & ungdom"
"Dagis plats ledig","barn & ungdom"
"Öppen förskola drop-in","barn & ungdom"
"Familjecentral öppet","barn & ungdom"
"Föräldragrupp träffas","barn & ungdom"
"Fritidshem plats ansöka","barn & ungdom"
"Fritids kostnad avgift","barn & ungdom"
"Skollov program barn","barn & ungdom"
"Lovaktiviteter sportlov","barn & ungdom"
"Fritidsgård öppettider","barn & ungdom"
"Ungdomsmottagning besök","barn & ungdom"
"Ungdomskonsulent prata","barn & ungdom"
"Barnaktiviteter gratis","barn & ungdom"
"Lekpark utomhus","barn & ungdom"
"Lekplats närmaste","barn & ungdom"
"Barnbidrag information","barn & ungdom"
"Föräldrapenning ansöka","barn & ungdom"
"Vårdnadsbidrag regler","barn & ungdom"
"Familjerådgivning terapi","barn & ungdom"
"Kulturprogram familj","kultur"
"Museum besök barn","kultur"
"Konsert klassisk musik","kultur"
"Teater föreställning biljetter","kultur"
"Bibliotek lån böcker","kultur"
"Bibliotekets öppettider","kultur"
"E-böcker bibliotek låna","kultur"
"Ljudbok lyssna bibliotek","kultur"
"Bokbussen kommer när?","kultur"
"Konstutställning aktuell nu","kultur"
"Galleri konst besök","kultur"
"Kulturhus evenemang","kultur"
"Dans barn kurser","kultur"
"Musik barn undervisning","kultur"
"Konstverkstad barn","kultur"
"Kulturbidrag förening söka","kultur"
"Kulturarv historik stad","kultur"
"Museum samlingar vad finns?","kultur"
"Konst offentlig plats","kultur"
"Pensionärer kulturprogram","kultur"
"Funka funktionsnedsättning","funktionsnedsättning"
"LSS-beslut ansöka","funktionsnedsättning"
"Personlig assistent behov","funktionsnedsättning"
"Ledsagare funktionshinder","funktionsnedsättning"
"Daglig verksamhet LSS","funktionsnedsättning"
"Bostad gruppboende LSS","funktionsnedsättning"
"Korttidsvistelse avlastning","funktionsnedsättning"
"Kontaktperson LSS få","funktionsnedsättning"
"Avlösare anhörigvård","funktionsnedsättning"
"Färdtjänst ansöka kort","funktionsnedsättning"
"Färdtjänst resa boka","funktionsnedsättning"
"Riksfärdtjänst resa fjärran","funktionsnedsättning"
"P-tillstånd handikapp ansökan","funktionsnedsättning"
"Parkeringstillstånd rörelsehinder","funktionsnedsättning"
"Hjälpmedel beställa hem","funktionsnedsättning"
"Rullstol lån ansöka","funktionsnedsättning"
"Rollator hjälpmedel","funktionsnedsättning"
"Boendestöd vuxna LSS","funktionsnedsättning"
"Habilitering barn vuxna stöd","funktionsnedsättning"
"Assistansersättning ansöka","funktionsnedsättning"
"Samhällsbyggnad parker","samhällsbyggnad"
"Park skötsel grönområden","samhällsbyggnad"
"Lekplats säkerhet kontroll","samhällsbyggnad"
"Lekutrustning trasig rapportera","samhällsbyggnad"
"Gatuunderhåll asfalt","samhällsbyggnad"
"Väg trasig reparation","samhällsbyggnad"
"Offentlig plats renovering","samhällsbyggnad"
"Torg uppfräschning","samhällsbyggnad"
"Stadsmiljö förbättringar","samhällsbyggnad"
"Träd plantera fler","samhällsbyggnad"
"Grönska mer i stan","samhällsbyggnad"
"Kommunala byggnader underhåll","samhällsbyggnad"
"Skola renovering","samhällsbyggnad"
"Cykelvägar nya bygga","samhällsbyggnad"
"Gångvägar förbättra","samhällsbyggnad"
"Infrastruktur utveckling","samhällsbyggnad"
"Offentlig toalett var?","samhällsbyggnad"
"Bänkar fler offentligt","samhällsbyggnad"
"Belysning park öka","samhällsbyggnad"
"Blomsterplantering stadsmiljö","samhällsbyggnad"
"Exploatering mark köpa","exploatering & mark"
"Tomt köpa kommun","exploatering & mark"
"Villatomt ledig finns?","exploatering & mark"
"Markanvisning byggare","exploatering & mark"
"Exploateringsavtal teckna","exploatering & mark"
"Tomtkö ställa mig","exploatering & mark"
"Markpris kommun kostnad","exploatering & mark"
"Industrimark köpa tomt","exploatering & mark"
"Arrende mark hyra","exploatering & mark"
"Fastighetsbildning ny","exploatering & mark"
"Avstyckning tomt möjligt?","exploatering & mark"
"Fastighetsgränser ändra","exploatering & mark"
"Marktilldelning villkor","exploatering & mark"
"Gatukostnad bidrag","exploatering & mark"
"VA-avgift anläggning","exploatering & mark"
"Markvärdering begära","exploatering & mark"
"Exploateringskostnad beräkna","exploatering & mark"
"Köpeavtal mark kommun","exploatering & mark"
"Tomtköp process hur?","exploatering & mark"
"Mark sälja till kommun","exploatering & mark"
"Kris nödläge information","kris & beredskap"
"Skyddsrum närmaste plats","kris & beredskap"
"Beredskap kris vad göra?","kris & beredskap"
"Räddningstjänst frågor","kris & beredskap"
"Brandskydd hemma regler","kris & beredskap"
"Brandvarnare krav obligatorisk","kris & beredskap"
"Brandsläckare köp hem","kris & beredskap"
"Släckare kontroll service","kris & beredskap"
"Översvämning risk bostad","kris & beredskap"
"Skyfall förberedelser","kris & beredskap"
"Extremt väder varningar","kris & beredskap"
"Storm beredskap hem","kris & beredskap"
"Evakuering information plan","kris & beredskap"
"Kriskommunikation kanal","kris & beredskap"
"Nödläge samhälle åtgärder","kris & beredskap"
"Säkerhet hem tips","kris & beredskap"
"Första hjälpen kurs","kris & beredskap"
"HLR utbildning","kris & beredskap"
"Krisinformation viktiga meddelanden","kris & beredskap"
"Beredskap mat vatten","kris & beredskap"
"Invånare antal kommun","statistik & fakta"
"Befolkning statistik siffror","statistik & fakta"
"Hur många bor här?","statistik & fakta"
"Befolkningstillväxt ökning","statistik & fakta"
"Ålder fördelning befolkning","statistik & fakta"
"Inflyttning statistik","statistik & fakta"
"Utflyttning siffror","statistik & fakta"
"Kommunfakta information","statistik & fakta"
"Ekonomi kommun siffror","statistik & fakta"
"Arbetslöshet procent","statistik & fakta"
"Bostadsbyggande statistik","statistik & fakta"
"Nybyggda lägenheter antal","statistik & fakta"
"Budget kommun läsa","statistik & fakta"
"Årsredovisning kommun","statistik & fakta"
"Skatteintäkter statistik","statistik & fakta"
"Kommunens kostnader statistik","statistik & fakta"
"Skolresultat betygstatistik","statistik & fakta"
"Omsorgsstatistik kommun","statistik & fakta"
"Miljödata statistik","statistik & fakta"
"Öppna data ladda ner","statistik & fakta"
"Äldreomsorg hemtjänst","äldreomsorg"
"Hemtjänst ansöka äldre","äldreomsorg"
"Äldreboende plats ansöka","äldreomsorg"
"Korttidsboende tillfälligt","äldreomsorg"
"Demensboende särskilt","äldreomsorg"
"Dagverksamhet demens","äldreomsorg"
"Trygghetslarm köpa","äldreomsorg"
"Larm äldre beställa","äldreomsorg"
"Matdistribution hemma","äldreomsorg"
"Maten hjul beställa","äldreomsorg"
"Fixartjänst äldre service","äldreomsorg"
"Hemsjukvård äldre","äldreomsorg"
"Sjuksköterska hembesök","äldreomsorg"
"Anhörigstöd demens","äldreomsorg"
"Aktiviteter pensionärer","äldreomsorg"
"Seniorträffar dagverksamhet","äldreomsorg"
"Trygghetsboende seniorboende","äldreomsorg"
"Äldreomsorg avgift kostnad","äldreomsorg"
"Biståndsbedömning ansöka","äldreomsorg"
"Äldreförvaltning kontakt","äldreomsorg"
"Vård läkare kontakt","vård & omsorg"
"Vårdcentral närmaste","vård & omsorg"
"Akuten sjukhus","vård & omsorg"
"1177 ring sjukvård","vård & omsorg"
"Jour öppen helg","vård & omsorg"
"Boka läkartid","vård & omsorg"
"Tandvård barn kostnadsfritt","vård & omsorg"
"Folktandvård boka","vård & omsorg"
"Tandläkare vuxna","vård & omsorg"
"Akut tandvård","vård & omsorg"
"Högkostnadsskydd tandvård","vård & omsorg"
"BVC barnhälsa","vård & omsorg"
"Mödravård gravid","vård & omsorg"
"Barnmorska graviditet","vård & omsorg"
"Psykiatri ungdom","vård & omsorg"
"Psykolog terapi","vård & omsorg"
"Kurator samtal","vård & omsorg"
"Vaccination barn","vård & omsorg"
"Vaccinationsprogram","vård & omsorg"
"Fysioterapi rehab","vård & omsorg"
"Distriktsköterska hemma","vård & omsorg"
"Semester turism Helsingborg","besökare & turism"
"Turism information kontor","besökare & turism"
"Sevärdheter besöka","besökare & turism"
"Vad göra Helsingborg?","besökare & turism"
"Hotell övernatta","besökare & turism"
"Vandrarhem boende billigt","besökare & turism"
"Restaurang äta centrum","besökare & turism"
"Mat dricka centrum","besökare & turism"
"Shopping köpcentrum","besökare & turism"
"Handel butiker centrum","besökare & turism"
"Guidad tur stad","besökare & turism"
"Stadsvisning boka","besökare & turism"
"Kärnan besök slott","besökare & turism"
"Historisk byggnad","besökare & turism"
"Hamnen promenad vacker","besökare & turism"
"Strand bad sommar","besökare & turism"
"Badstrand sand","besökare & turism"
"Utflykt dagstur","besökare & turism"
"Nöje underhållning","besökare & turism"
"Festival besöka sommar","besökare & turism"
"Digitalisering strategi","digitalisering"
"Digital utveckling kommun","digitalisering"
"IT-strategi framtid","digitalisering"
"Smart city projekt","digitalisering"
"E-förvaltning digitalt","digitalisering"
"Digital först princip","digitalisering"
"Automation AI tjänster","digitalisering"
"5G nätverk utbyggnad","digitalisering"
"Fiber bredband landsbygd","digitalisering"
"Öppna data API","digitalisering"
"Innovation digitalisering","digitalisering"
"Digital kompetens stöd","digitalisering"
"Digitalt utanförskap hjälp","digitalisering"
"IT-säkerhet cyberhot","digitalisering"
"Cybersäkerhet skydd","digitalisering"
"GDPR integritet","digitalisering"
"Digital post kommun","digitalisering"
"Videokonferens digitalt möte","digitalisering"
"E-demokrati påverkan","digitalisering"
"Teknikstöd hjälp digitalt","digitalisering"
"Politik kommunfullmäktige","politik & styrning"
"Beslut politiska","politik & styrning"
"Protokoll möte läsa","politik & styrning"
"Kommunstyrelse beslut","politik & styrning"
"Nämnder vilka finns?","politik & styrning"
"Partier politiska kommun","politik & styrning"
"Val rösta kommun","politik & styrning"
"Vallokal min","politik & styrning"
"Politiker kontakta","politik & styrning"
"Kommunalråd kontakt","politik & styrning"
"Oppositionsråd","politik & styrning"
"Hur funkar kommun?","politik & styrning"
"Demokrati kommunal","politik & styrning"
"Policy styrdokument","politik & styrning"
"Vision mål kommun","politik & styrning"
"Medborgarförslag lämna","politik & styrning"
"Motion politiker","politik & styrning"
"Påverka beslutsfattare","politik & styrning"
"Dialog medborgare","politik & styrning"
"Demokratiprocess","politik & styrning"
"Fritid evenemang helgen","fritid & evenemang"
"Vad händer stad?","fritid & evenemang"
"Festival konsert program","fritid & evenemang"
"Aktiviteter barn familj helg","fritid & evenemang"
"Kultur evenemang","fritid & evenemang"
"Julmarknad öppnar","fritid & evenemang"
"Midsommarfirande plats","fritid & evenemang"
"Nyår fyrverkeri var?","fritid & evenemang"
"Konsert gratis park","fritid & evenemang"
"Event ansöka tillstånd","fritid & evenemang"
"Offentlig plats arrangemang","fritid & evenemang"
"Torgdag schema","fritid & evenemang"
"Loppis marknad","fritid & evenemang"
"Gatufest tillstånd","fritid & evenemang"
"Festival sommar musik","fritid & evenemang"
"Kalender aktiviteter","fritid & evenemang"
"Familjedag aktiviteter","fritid & evenemang"
"Park konsert gratis","fritid & evenemang"
"Teater utomhus","fritid & evenemang"
"Evenemang tips helg","fritid & evenemang"
"Företag tillstånd restaurang","företag"
"Serveringstillstånd ansöka","företag"
"Alkoholtillstånd bar","företag"
"Utskänkning öl vin","företag"
"Torg handel tillstånd","företag"
"Marknad ansöka plats","företag"
"Gatuståndet försäljning","företag"
"Livsmedelstillstånd café","företag"
"Café öppna tillstånd","företag"
"Restaurang starta regler","företag"
"Miljötillstånd verksamhet","företag"
"Buller tillstånd industri","företag"
"Industri verksamhet tillstånd","företag"
"Registrera verksamhet kommun","företag"
"Livsmedelskontroll besök","företag"
"Hälsoskydd regler","företag"
"Tobak försälja tillstånd","företag"
"Uteservering tillstånd sommar","företag"
"Marknadstånd hyra","företag"
"Evenemang företag tillstånd","företag"
"Utbildning vuxen SFI","utbildning"
"Komvux kurser","utbildning"
"Vuxenutbildning anmäla","utbildning"
"Svenska invandrare SFI","utbildning"
"Yrkesvux utbildning","utbildning"
"Gymnasium välja skola","utbildning"
"Gymnasieskola vilka?","utbildning"
"Gymnasiet ansöka","utbildning"
"Grundskola område","utbildning"
"Skolskjuts ansöka","utbildning"
"Val skola byta","utbildning"
"Skolmaterial gratis","utbildning"
"Fritidshem plats","utbildning"
"Förskoleklass vad?","utbildning"
"Musikskola barn","utbildning"
"Modersmål undervisning","utbildning"
"Studiehandledning språk","utbildning"
"Särskola information","utbildning"
"Skolbyte möjligt?","utbildning"
"Skollunch allergi","utbildning"
"Företagsstöd starta","jobb & näringsliv"
"Näringsliv klimat","jobb & näringsliv"
"Affärsutveckling företag","jobb & näringsliv"
"Lokal företag hyra","jobb & näringsliv"
"Industrimark tomt","jobb & näringsliv"
"Etablera företag hjälp","jobb & näringsliv"
"Innovation samarbete","jobb & näringsliv"
"Företagsnätverk medlem","jobb & näringsliv"
"Tillväxt program företag","jobb & näringsliv"
"Starta eget rådgivning","jobb & näringsliv"
"Jobb lediga kommun","jobb & näringsliv"
"Kommunen arbetsgivare","jobb & näringsliv"
"Jobbmässa datum","jobb & näringsliv"
"Arbetsförmedling hjälp","jobb & näringsliv"
"Praktik ung söka","jobb & näringsliv"
"Sommarjobb ungdom","jobb & näringsliv"
"Feriepraktik kommun","jobb & näringsliv"
"Arbetsmarknad statistik","jobb & näringsliv"
"Arbetslöshet siffror","jobb & näringsliv"
"Näringsliv forum","jobb & näringsliv"
"Hållbarhet klimat energi","hållbarhet"
"Solceller stöd bidrag","hållbarhet"
"Energi effektivisering","hållbarhet"
"Grön energi omställning","hållbarhet"
"Klimatmål information","hållbarhet"
"Miljö arbete kommun","hållbarhet"
"Vindkraft planer","hållbarhet"
"Klimatanpassning åtgärd","hållbarhet"
"Elbil laddning plats","hållbarhet"
"Laddstation hemma","hållbarhet"
"Transport miljövänlig","hållbarhet"
"Fossilfri kommun","hållbarhet"
"Hållbar utveckling plan","hållbarhet"
"Miljömål uppföljning","hållbarhet"
"Återvinning hållbarhet","hållbarhet"
"Bostadskö information hur fungerar","boende"
"Studentbostad sökande tips","boende"
"Hyreslägenhet kommunal sök","boende"
"Ledig lägenhet hitta var","boende"
"Bygglov för att bygga garage ansöka","bygglov"
"Friggebod bygglov behövs","bygglov"
"Attefallshus regler bygglov","bygglov"
"Utan bygglov vad får byggas","bygglov"
"Befriade åtgärder bygglov","bygglov"
"Karta hitta fastighet","kartor"
"Kartunderlag beställa bygglov","kartor"
"Cykelkarta över stad","kartor"
"Kartdata för projekt","kartor"
"Stadsplan karta se","kartor"
"Detaljplan hur påverkas","stadsplanering"
"Planprocess delta hur","stadsplanering"
"Planbesked ansökan avgift","stadsplanering"
"Byggprojekt planerade centrum","stadsplanering"
"Stadsutveckling framtid planer","stadsplanering"
"Bostäder nya planering område","stadsplanering"
"Planeringsprocess samråd","stadsplanering"
"Ekonomi & skatter avgift taxa","ekonomi & skatter"
"Skatt kommunal procentsats","ekonomi & skatter"
"Förskola avgift belopp kostar","ekonomi & skatter"
"Fritidsavgift belopp barn","ekonomi & skatter"
"Äldreomsorg avgift kostnad taxa","ekonomi & skatter"
"Faktura kommun betalning förfallen","ekonomi & skatter"
"Budget kommunal läsa ekonomi","ekonomi & skatter"
"Taxor lista avgifter tjänster","ekonomi & skatter"
"Kommunens utgifter kostnader budget","ekonomi & skatter"
"Skatteintäkter användning vart","ekonomi & skatter"
"Parkeringsavgift belopp centrum","ekonomi & skatter"
"Parkeringsbot betalning avgift","ekonomi & skatter"
"Bygglovsavgift kostnad taxa","ekonomi & skatter"
"Planavgift exploatering belopp","ekonomi & skatter"
"Maxtaxa förskola fritids avgift","ekonomi & skatter"
"Hemtjänstavgift taxa äldreomsorg","ekonomi & skatter"
"Deklaration skatt kommun","ekonomi & skatter"
"Skattesats kommun information","ekonomi & skatter"
"VA-avgift taxa anläggning","ekonomi & skatter"
"Gatukostnad avgift bidrag","ekonomi & skatter"
"Infrastruktur gatubelysning trasig","infrastruktur"
"Gatlykta fungerar inte rapportera","infrastruktur"
"Vatten avlopp information VA","infrastruktur"
"Ledningsbrott anmäla vatten","infrastruktur"
"Fiber bredband utbyggnad när","infrastruktur"
"Fjärrvärme ansluta möjlighet","infrastruktur"
"Snöröjning vinterunderhåll gator","infrastruktur"
"Halkbekämpning sandning när","infrastruktur"
"Gatsten trasig asfalt laga","infrastruktur"
"Väg underhåll reparation behövs","infrastruktur"
"Dagvatten översvämning problem","infrastruktur"
"VA-anslutning avgift kostnad","infrastruktur"
"Kommunalt vatten dricksvatten","infrastruktur"
"Avlopp rening funktion","infrastruktur"
"Vinterväghållning ansvar","infrastruktur"
"Gatbelysning tider styr","infrastruktur"
"Belysning trasig lampor gata","infrastruktur"
"LED-belysning gator energi","infrastruktur"
"Gatuarmatur byte ny","infrastruktur"
"Vägskada rapportera hål","infrastruktur"
"Tillgänglighet webbplats lättläst","tillgänglighet"
"Teckenspråk tolk bokning","tillgänglighet"
"Översättning språk annat","tillgänglighet"
"Taltjänst lyssna hemsida","tillgänglighet"
"Text storlek ändra hemsida","tillgänglighet"
"Kontrast anpassa hemsida","tillgänglighet"
"Rullstol tillgång ramp kontor","tillgänglighet"
"Hörslinga finns kommunhus","tillgänglighet"
"Entré tillgänglig rullstol","tillgänglighet"
"Hiss tillgänglighet funktionsnedsättning","tillgänglighet"
"Toalett anpassad handikapp kontor","tillgänglighet"
"Ledarhund välkommen tillträde","tillgänglighet"
"Syn nedsättning hjälp stöd","tillgänglighet"
"Punktskrift finns dokument","tillgänglighet"
"Tolk boka språk annat","tillgänglighet"
"Lätt svenska läsa dokument","tillgänglighet"
"Bildstöd information kommunikation","tillgänglighet"
"Tillgänglighetsredogörelse webbplats","tillgänglighet"
"Bristande tillgänglighet anmäla","tillgänglighet"
"Tillgängliga lokaler bokning","tillgänglighet"
"E-tjänst logga in BankID","e-tjänster"
"Mina sidor inloggning konto","e-tjänster"
"Digital ansökan bygglov online","e-tjänster"
"E-tjänst ekonomiskt stöd ansöka","e-tjänster"
"Digitalt formulär skicka ansökan","e-tjänster"
"BankID mobilt använda","e-tjänster"
"Mina ärenden följa status","e-tjänster"
"Digital brevlåda meddelanden läsa","e-tjänster"
"E-faktura betalning online","e-tjänster"
"Digital underskrift signera","e-tjänster"
"Felanmälan digital tjänst online","e-tjänster"
"E-tjänst förskola digital ansökan","e-tjänster"
"Digital skolansökan gymnasiet online","e-tjänster"
"E-tjänst parkeringstillstånd digital","e-tjänster"
"Digital bokning idrottsanläggningar","e-tjänster"
"E-legitimation inloggning använda","e-tjänster"
"Freja eID fungerar inloggning","e-tjänster"
"Problem inloggning e-tjänst hjälp","e-tjänster"
"Teknisk support e-tjänster digital","e-tjänster"
"Digital tjänst ansökan online","e-tjänster"
"Parkering avgift kostnad vad","ekonomi & skatter"
"Parkeringsavgift hur mycket betala","ekonomi & skatter"
"Faktura betalning kommun förfallen","ekonomi & skatter"
"Taxa avgift kommunal tjänst","ekonomi & skatter"
"Kommunskatt procent sats","ekonomi & skatter"
"Skatteintäkter hur används","ekonomi & skatter"
"Budget kommunen ekonomi läsa","ekonomi & skatter"
"Avgifter taxa lista kommunala","ekonomi & skatter"
"Skatt deklaration kommun","ekonomi & skatter"
"Parkeringsbot betala avgift böter","ekonomi & skatter"
"Trafik parkering centrum","trafik"
"Parkera bil var centrum","trafik"
"Parkeringsplats hitta var","trafik"
"Buss linje till centrum","trafik"
"Bussförbindelser stad kommunen","trafik"
"Cykelväg saknas bygga ny","trafik"
"Cykelbana säkerhet förbättra","trafik"
"Trafiksäkerhet barn skola väg","trafik"
"Vägarbete pågår information om","trafik"
"Väg stängd omledning trafik","trafik"
"Företag serveringstillstånd bar restaurang","företag"
"Alkoholtillstånd ansöka företag","företag"
"Torghandel företag tillstånd ansöka","företag"
"Livsmedelstillstånd café företag","företag"
"Miljötillstånd företag verksamhet ansöka","företag"
"Uteservering företag tillstånd sommar","företag"
"Marknad stånd företag hyra","företag"
"Tobakstillstånd försäljning företag","företag"
"Registrera företag kommun","företag"
"Evenemang företag tillstånd offentlig","företag"
"Fritid evenemang vad händer","fritid & evenemang"
"Festival konserter kalender","fritid & evenemang"
"Julmarknad när öppnar datum","fritid & evenemang"
"Midsommar firande var plats","fritid & evenemang"
"Nyår fyrverkeri var tid","fritid & evenemang"
"Aktiviteter helgen familj","fritid & evenemang"
"Arrangemang event ansöka tillstånd","fritid & evenemang"
"Gatufest event tillstånd ansöka","fritid & evenemang"
"Torgdag marknad schema datum","fritid & evenemang"
"Evenemang gratis park konsert","fritid & evenemang"
"Statistik befolkning invånare antal","statistik & fakta"
"Fakta kommun information siffror","statistik & fakta"
"Befolkningsstatistik kommun data","statistik & fakta"
"Ekonomisk statistik kommun siffror","statistik & fakta"
"Arbetslöshet statistik procent","statistik & fakta"
"Inflyttning utflyttning statistik","statistik & fakta"
"Årsredovisning kommun ekonomi läsa","statistik & fakta"
"Öppna data kommun ladda ner","statistik & fakta"
"Bostadsstatistik nybyggnation siffror","statistik & fakta"
"Skolresultat statistik betyg data","statistik & fakta"
"Mark köpa tomt kommun","exploatering & mark"
"Tomt ledig köpa villatomt","exploatering & mark"
"Markanvisning ansöka byggare","exploatering & mark"
"Arrende mark hyra kommun","exploatering & mark"
"Exploateringsavtal teckna mark","exploatering & mark"
"Fastighetsbildning avstyckning tomt","exploatering & mark"
"Markpris kostnad tomt kommun","exploatering & mark"
"Tomtkö ansöka villatomt","exploatering & mark"
"Industrimark köpa kommun tomt","exploatering & mark"
"Markvärdering tomt begära","exploatering & mark"
"Miljö återvinning sopsortering avfall","miljö"
"Återvinningsstation öppettider hitta","miljö"
"Sopor sortera hur korrekt","miljö"
"Avfall grovsopor lämna var","miljö"
"Elektronik slängas återvinning","miljö"
"Farligt avfall kemikalier lämna","miljö"
"Komposter matavfall hemma","miljö"
"Plastsopor sortering återvinning","miljö"
"Återvinna kläder gamla lämna","miljö"
"Batterier återvinning lämna var","miljö"
"Trafik cykel parkera ställa","trafik"
"Cykel ställplats var finns","trafik"
"Buss hållplats närmaste var","trafik"
"Kollektivtrafik tider tidtabell","trafik"
"Handikapparkering tillstånd ansöka","trafik"
"Gatubelysning trasig rapportera anmäl","trafik"
"Trafikljus defekt anmäla trasig","trafik"
"Halkbekämpning snö is vinter","trafik"
"Snöplog när kommer vinterunderhåll","trafik"
"Farlig korsning trafiksäkerhet","trafik"
"Miljö återvinningscentral närmaste hitta","miljö"
"Grovsopor var lämna bort","miljö"
"Återvinna elektronik lämna var","miljö"
"Sortera sopor hemma guide","miljö"
"Återvinning plast regler sortering","miljö"
"Matavfall kompost sortera","miljö"
"Glas metall återvinning lämna","miljö"
"Papper tidningar återvinning","miljö"
"Farligt avfall målarfärg kemikalier","miljö"
"Batteriåtervinning lämna var","miljö"
"Samhällsbyggnad park grönområde skötsel","samhällsbyggnad"
"Park underhåll skötsel grönområden","samhällsbyggnad"
"Lekplats säkerhet underhåll kontroll","samhällsbyggnad"
"Gata asfalt underhåll reparation","samhällsbyggnad"
"Offentlig plats renovering förbättring","samhällsbyggnad"
"Stadsmiljö förbättra utveckla","samhällsbyggnad"
"Träd plantera fler grönska","samhällsbyggnad"
"Blomsterplantering stad vackrare","samhällsbyggnad"
"Bänkar fler offentlig plats","samhällsbyggnad"
"Belysning park säkerhet öka","samhällsbyggnad"
"Stöd hjälp ekonomiskt bistånd ansöka","stöd & hjälp"
"Försörjningsstöd pengar ansöka","stöd & hjälp"
"Ekonomisk kris hjälp akut","stöd & hjälp"
"Pengar slut var hjälp","stöd & hjälp"
"Skuldrådgivning gratis budgethjälp","stöd & hjälp"
"Hemlöshet hotad hjälp var","stöd & hjälp"
"Kvinnojour kris hjälp kontakt","stöd & hjälp"
"Akutboende behöver tillfälligt","stöd & hjälp"
"Familjerådgivning samtal terapi","stöd & hjälp"
"Bidrag glasögon tandvård barn","stöd & hjälp"
"Tillgänglighet webbplats lättläst anpassa","tillgänglighet"
"Teckenspråk tolk boka möte","tillgänglighet"
"Översättning språk information","tillgänglighet"
"Rullstol ramp tillgång kontor","tillgänglighet"
"Hörslinga finns kommunhus var","tillgänglighet"
"Lätt svenska information läsa","tillgänglighet"
"Punktskrift dokument finns","tillgänglighet"
"Anpassa text storlek hemsida","tillgänglighet"
"Kontrast ändra hemsida syn","tillgänglighet"
"Ledarhund välkommen tillträde","tillgänglighet"
"Vård omsorg vårdcentral läkare","vård & omsorg"
"Läkare tid boka vårdcentral","vård & omsorg"
"Tandvård barn gratis kostnadsfritt","vård & omsorg"
"BVC barnhälsa kontakt besök","vård & omsorg"
"Mödravård gravid barnmorska","vård & omsorg"
"Psykolog terapi samtal behov","vård & omsorg"
"Vaccination barn schema var","vård & omsorg"
"Akuten sjukhus jour öppen","vård & omsorg"
"1177 ring sjukvårdsrådgivning","vård & omsorg"
"Rehab fysioterapi träning","vård & omsorg"
"Funktionsnedsättning LSS insatser ansöka","funktionsnedsättning"
"Personlig assistent LSS ansöka","funktionsnedsättning"
"Färdtjänst ansöka tillstånd kort","funktionsnedsättning"
"Parkeringstillstånd handikapp rörelsehinder","funktionsnedsättning"
"Ledsagare funktionshinder LSS","funktionsnedsättning"
"Daglig verksamhet LSS plats","funktionsnedsättning"
"Gruppboende LSS ansöka bostad","funktionsnedsättning"
"Hjälpmedel rullstol rollator","funktionsnedsättning"
"Boendestöd vuxna LSS","funktionsnedsättning"
"Kontaktperson LSS få ansöka","funktionsnedsättning"
"Kris beredskap nödläge skyddsrum","kris & beredskap"
"Brandskydd hemma brandvarnare","kris & beredskap"
"Översvämning risk beredskap","kris & beredskap"
"Extremväder storm beredskap","kris & beredskap"
"Evakuering plan information","kris & beredskap"
"Första hjälpen kurs utbildning","kris & beredskap"
"Kriskommunikation information kanal","kris & beredskap"
"Räddningstjänst kontakt frågor","kris & beredskap"
"Brandsläckare köpa hemma","kris & beredskap"
"Beredskap mat vatten lagra","kris & beredskap"
"Hållbarhet energi solceller bidrag","hållbarhet"
"Klimat miljö hållbar utveckling","hållbarhet"
"Elbil laddning station hitta","hållbarhet"
"Grön energi omställning fossilfri","hållbarhet"
"Energieffektivisering stöd bidrag","hållbarhet"
"Klimatmål kommun strategi","hållbarhet"
"Solpaneler installation bidrag","hållbarhet"
"Laddstolpe elbil hemma installera","hållbarhet"
"Hållbar transport miljövänlig","hållbarhet"
"Vindkraft planer utbyggnad","hållbarhet"
